<?xml version="1.0" encoding="UTF-8"?>
<messageEncryptionHandlerConfig>
    <policyAction>encrypt</policyAction>
    <category>http://inter-trust.eu/security/messagesecurity</category>
    <type>http://inter-trust.eu/security/confidentiality</type>
    <targets>
        <target name="Cam_Msg">http://inter-trust.eu/csa/vehicle/camsender/camencoding</target>
        <target name="Speed_Not_Msg">http://inter-trust.eu/csa/central/speednotifsender/speednotifsending</target>
        <target name="Vote">http://inter-trust.eu/evoting/votesender</target>
    </targets>
    <methods>
        <method name="encrypt" id="http://inter-trust.eu/security/confidentiality/encryption"/>
        <method name="noencrypt" policy-ref="no" id="http://inter-trust.eu/security/confidentiality/noencryption"/>
        <method name="delegate" policy-ref="delegate" id="http://inter-trust.eu/security/confidentiality/delegatedencryption"/>
        <default>encrypt</default>
    </methods>
    <formats>
        <format name="etsi">http://inter-trust.eu/security/securemsgformat/etsi</format>
        <format name="cms">http://inter-trust.eu/security/securemsgformat/cms</format>
        <default>etsi</default>
    </formats>
    <ciphers>
        <algorithm name="RSA" id="http://inter-trust.eu/security/algorithm/rsa">
            <padding name="pkcs1">http://inter-trust.eu/security/padding/pkcs1</padding>
            <padding name="oaep_sha1_mgf1" policy-ref="Oaep_sha1">http://inter-trust.eu/security/padding/oaep_sha1_mgf1</padding>
            <padding name="oaep_sha256_mgf1" policy-ref="Oaep_sha">http://inter-trust.eu/security/padding/oaep_sha256_mgf1</padding>
            <default>oaep_sha256_mgf1</default>
        </algorithm>
        <algorithm name="AES" id="http://inter-trust.eu/security/algorithm/aes">
            <padding name="nopadding">http://inter-trust.eu/security/padding/nopadding</padding>
            <padding name="pkcs5">http://inter-trust.eu/security/padding/pkcs5</padding>
            <default>pkcs5</default>
        </algorithm>
        <algorithm name="DES" id="http://inter-trust.eu/security/algorithm/des">
            <padding name="nopadding">http://inter-trust.eu/security/padding/nopadding</padding>
            <padding name="pkcs5">http://inter-trust.eu/security/padding/pkcs5</padding>
            <default>pkcs5</default>
        </algorithm>
        <default>RSA</default>
    </ciphers>
    <keys>
        <keyType name="X509" id="http://inter-trust.eu/security/authentication/x509certificate">
            <key name="CentralITS">CN=CENTRAL_ITS-S, OU=ITS, O=ROAD_OPERATOR_A, C=ES</key>
            <key name="DGT">CN=CA.DGT.GOB.ES, OU=ITS, O=DIRECCION GENERAL DE TRAFICO, C=ES</key>
            <default>CentralITS</default>
        </keyType>
        <keyType name="Shared" id="http://inter-trust.eu/security/authentication/sharedKey">
            <key name="SessionKey">SNM-SESSION_KEY</key>
            <default>SessionKey</default>
        </keyType>
        <default>X509</default>
    </keys>
</messageEncryptionHandlerConfig>
