<?xml version="1.0" encoding="UTF-8"?>
<reducedLinkabilityHandlerConfig>
    <policyAction>change-pseudonym</policyAction>
    <category>http://inter-trust.eu/security/privacy</category>
    <type>http://inter-trust.eu/security/privacy/reducedlinkability</type>
    <functionality>http://inter-trust.eu/security/privacy/changepseudonym</functionality>
    
    <protectedItems>
        <item id="StationId" policy-ref="vehicle_Id-1">
            <target event="OnLogin">http://inter-trust.eu/csa/vehicle/login</target>
        </item>
    </protectedItems>
</reducedLinkabilityHandlerConfig>
